team_abbreviation,latitude,longitude,arena,city,games,total_travel_km,avg_friction_pct,back_to_backs,win_pct,avg_margin
ATL,33.7573,-84.3963,State Farm Arena,Atlanta,400,306966.0799301308,49.09209575429088,76,0.5025,0.1075
BOS,42.3662,-71.0621,TD Garden,Boston,400,339882.5803727998,47.1936088527552,70,0.6725,7.285
BKN,40.6826,-73.9754,Barclays Center,Brooklyn,400,338344.11844713805,48.062264284101175,72,0.4875,-0.905
CHA,35.2251,-80.8392,Spectrum Center,Charlotte,400,290344.24672184314,47.036502088979226,73,0.3575,-5.505
CHI,41.8807,-87.6742,United Center,Chicago,400,320353.84205039544,50.63892841011743,76,0.4875,-0.59
CLE,41.4965,-81.6882,Rocket Arena,Cleveland,400,292397.88039774145,47.91019083107498,75,0.5725,2.4675
DAL,32.7905,-96.8103,American Airlines Center,Dallas,400,336993.8781766323,51.14792372402891,68,0.5525,1.3075
DEN,39.7487,-105.0077,Ball Arena,Denver,400,360568.570649078,58.97226456639566,67,0.6375,3.9175
DET,42.3411,-83.0553,Little Caesars Arena,Detroit,400,297557.109618524,47.18240881887986,73,0.295,-5.55
GSW,37.768,-122.3877,Chase Center,San Francisco,400,379916.3729166996,52.19551292908763,76,0.575,2.9075
HOU,29.7508,-95.3621,Toyota Center,Houston,400,336573.3514573591,49.486191565040656,71,0.38,-3.615
IND,39.764,-86.1555,Gainbridge Fieldhouse,Indianapolis,400,297916.10606699507,48.30475101626016,72,0.4775,-0.29
LAC,33.9459,-118.3392,Intuit Dome,Inglewood,400,365243.70776874974,52.185998193315264,74,0.585,2.8475
LAL,34.043,-118.2673,Crypto.com Arena,Los Angeles,400,346162.96377556893,51.32497741644083,66,0.5375,0.3675
MEM,35.1382,-90.0505,FedExForum,Memphis,400,341689.8370616181,50.75021030939476,71,0.55,1.7175
MIA,25.7814,-80.187,Kaseya Center,Miami,400,359664.43530738406,48.39390808491418,69,0.55,1.3275
MIL,43.0451,-87.9172,Fiserv Forum,Milwaukee,400,301427.6759678804,49.51060015808492,71,0.63,3.5375
MIN,44.9795,-93.276,Target Center,Minneapolis,400,374017.6144638031,51.09094681571816,70,0.54,1.88
NOP,29.949,-90.0821,Smoothie King Center,New Orleans,400,348852.5204208165,49.08769196025293,70,0.4475,-0.895
NYK,40.7505,-73.9934,Madison Square Garden,New York,400,327113.2937041144,46.98088019421861,66,0.565,2.77
OKC,35.4634,-97.5151,Paycom Center,Oklahoma City,400,331322.0080410051,51.04646849593496,74,0.5275,0.805
ORL,28.5392,-81.3839,Kia Center,Orlando,400,340636.4550924788,47.85756125790424,72,0.4125,-3.45
PHI,39.9012,-75.172,Wells Fargo Center,Philadelphia,400,313497.55797398376,47.353325429087626,67,0.5625,1.7725
PHX,33.4457,-112.0712,Mortgage Matchup Center,Phoenix,400,354851.07555028144,52.04528991644084,73,0.6125,3.0225
POR,45.5316,-122.6668,Moda Center,Portland,400,376935.063629616,52.16149785456187,73,0.3975,-4.78
SAC,38.5802,-121.4997,Golden 1 Center,Sacramento,400,370591.1478251572,52.38780628952123,76,0.4875,-0.785
SAS,29.4269,-98.4375,Frost Bank Center,San Antonio,400,343750.474862919,50.69968100722674,74,0.3625,-4.24
TOR,43.6435,-79.3791,Scotiabank Arena,Toronto,400,292822.8606169487,47.69815661698284,74,0.4275,-1.5125
UTA,40.7683,-111.9011,Delta Center,Salt Lake City,400,345439.72085417976,55.69991954607046,69,0.465,-0.1975
WAS,38.8981,-77.0209,Capital One Arena,Washington,400,289664.1037044461,47.1274376129178,75,0.3425,-5.725
