decile,games,win_pct,avg_margin,avg_travel_km
1,600,0.445,-1.6183333333333334,724.7197411143724
2,599,0.4340567612687813,-2.342237061769616,857.9989220405462
3,601,0.480865224625624,-1.1430948419301166,792.0157843106111
4,598,0.44816053511705684,-1.157190635451505,1008.7720318409166
5,598,0.4665551839464883,-1.0250836120401339,920.7419863083837
6,600,0.4866666666666667,-0.6966666666666667,1291.5564058354182
7,598,0.4414715719063545,-2.100334448160535,1149.3772996434973
8,601,0.46089850249584025,-1.3227953410981697,1379.0187657191855
9,597,0.44221105527638194,-2.596314907872697,1413.7119253586889
10,599,0.3789649415692821,-4.268781302170284,1600.436755550091
