team_abbreviation,games,total_travel_km,avg_friction_pct,back_to_backs,win_pct,avg_margin
DEN,400,360568.570649078,58.97226456639566,67,0.6375,3.9175
UTA,400,345439.72085417976,55.69991954607046,69,0.465,-0.1975
SAC,400,370591.1478251572,52.38780628952123,76,0.4875,-0.785
GSW,400,379916.37291669956,52.19551292908763,76,0.575,2.9075
LAC,400,365243.70776874974,52.185998193315264,74,0.585,2.8475
POR,400,376935.063629616,52.16149785456187,73,0.3975,-4.78
PHX,400,354851.07555028144,52.04528991644084,73,0.6125,3.0225
LAL,400,346162.96377556893,51.32497741644083,66,0.5375,0.3675
DAL,400,336993.8781766323,51.14792372402891,68,0.5525,1.3075
MIN,400,374017.6144638031,51.090946815718155,70,0.54,1.88
OKC,400,331322.0080410051,51.04646849593496,74,0.5275,0.805
MEM,400,341689.8370616181,50.75021030939476,71,0.55,1.7175
SAS,400,343750.474862919,50.69968100722674,74,0.3625,-4.24
CHI,400,320353.84205039544,50.63892841011743,76,0.4875,-0.59
MIL,400,301427.6759678804,49.51060015808492,71,0.63,3.5375
HOU,400,336573.3514573591,49.486191565040656,71,0.38,-3.615
ATL,400,306966.0799301308,49.092095754290874,76,0.5025,0.1075
NOP,400,348852.52042081655,49.08769196025293,70,0.4475,-0.895
MIA,400,359664.43530738406,48.39390808491418,69,0.55,1.3275
IND,400,297916.10606699507,48.30475101626016,72,0.4775,-0.29
BKN,400,338344.11844713805,48.062264284101175,72,0.4875,-0.905
CLE,400,292397.88039774145,47.91019083107498,75,0.5725,2.4675
ORL,400,340636.4550924788,47.857561257904244,72,0.4125,-3.45
TOR,400,292822.8606169487,47.698156616982835,74,0.4275,-1.5125
PHI,400,313497.55797398376,47.353325429087626,67,0.5625,1.7725
BOS,400,339882.5803727998,47.1936088527552,70,0.6725,7.285
DET,400,297557.109618524,47.18240881887986,73,0.295,-5.55
WAS,400,289664.1037044461,47.127437612917795,75,0.3425,-5.725
CHA,400,290344.24672184314,47.036502088979226,73,0.3575,-5.505
NYK,400,327113.2937041144,46.98088019421861,66,0.565,2.77
